date,code,open,high,low,close,preclose,volume,amount,adjustflag,turn,tradestatus,pctChg,isST
2020-07-17,sh.688567,34.0000,37.0000,27.0100,27.9600,15.9000,92286652,2837974877.0000,3,63.284800,1,75.849100,0
2020-07-20,sh.688567,27.5000,30.8700,27.0000,29.4500,27.9600,48233006,1398811753.0000,3,33.075400,1,5.329000,0
2020-07-21,sh.688567,29.2500,31.2100,28.4200,29.7800,29.4500,39783194,1192323789.0000,3,27.281000,1,1.120500,0
2020-07-22,sh.688567,28.9000,29.5600,28.2500,29.1500,29.7800,29181670,844529806.0000,3,20.011100,1,-2.115500,0
2020-07-23,sh.688567,28.8000,29.1500,27.3100,28.3000,29.1500,29091404,819179597.1500,3,19.949200,1,-2.916000,0
2020-07-24,sh.688567,27.9000,29.5400,27.3300,27.7400,28.3000,31403822,896393537.0000,3,21.534900,1,-1.978800,0
2020-07-27,sh.688567,27.8800,28.7000,25.7500,26.3600,27.7400,26552808,714400393.0000,3,18.208400,1,-4.974800,0
2020-07-28,sh.688567,26.4000,27.0000,25.8800,26.0900,26.3600,13751343,361959860.0000,3,9.429900,1,-1.024300,0
2020-07-29,sh.688567,26.3000,27.2400,25.9400,27.0200,26.0900,14956904,398002010.0000,3,10.256600,1,3.564600,0
2020-07-30,sh.688567,27.0400,28.0000,26.8400,27.1600,27.0200,13578071,371151319.3900,3,9.311100,1,0.518100,0
2020-07-31,sh.688567,27.1600,27.4700,26.8400,27.2000,27.1600,13258796,359542468.0000,3,9.092100,1,0.147300,0
2020-08-03,sh.688567,27.4400,28.9500,27.4000,28.6400,27.2000,21471298,609654495.0000,3,14.723800,1,5.294100,0
2020-08-04,sh.688567,28.7200,29.5000,27.9800,28.2400,28.6400,15049554,430526843.0000,3,10.320100,1,-1.396600,0
2020-08-05,sh.688567,28.2100,29.2200,27.8100,28.9000,28.2400,13488371,387252973.1500,3,9.249500,1,2.337100,0
2020-08-06,sh.688567,28.8000,29.3200,28.0300,28.4400,28.9000,13458553,383962246.3800,3,9.229100,1,-1.591700,0
2020-08-07,sh.688567,28.4900,28.4900,26.8500,27.7400,28.4400,15360962,423341248.0000,3,10.533700,1,-2.461300,0
2020-08-10,sh.688567,27.4400,27.6000,27.0000,27.3000,27.7400,7885346,215040448.0000,3,5.407300,1,-1.586200,0
2020-08-11,sh.688567,27.2000,27.6500,26.0000,26.0300,27.3000,11439342,304902641.0000,3,7.844400,1,-4.652000,0
2020-08-12,sh.688567,26.0500,26.8300,25.7100,26.6600,26.0300,7533297,197844353.0000,3,5.165900,1,2.420300,0
2020-08-13,sh.688567,26.6400,26.8200,26.0100,26.1700,26.6600,4878390,128948555.0000,3,3.345300,1,-1.838000,0
2020-08-14,sh.688567,26.1000,26.5500,25.9700,26.3900,26.1700,4675713,122679969.0000,3,3.206300,1,0.840700,0
2020-08-17,sh.688567,26.4200,26.8500,26.2700,26.7600,26.3900,5526817,147425257.0000,3,3.790000,1,1.402000,0
2020-08-18,sh.688567,26.7200,26.7600,26.0000,26.2600,26.7600,6656983,175229739.0000,3,4.565000,1,-1.868500,0
2020-08-19,sh.688567,26.2800,26.3500,25.6800,25.6800,26.2600,6232614,161875882.0000,3,4.274000,1,-2.208700,0
2020-08-20,sh.688567,25.5900,25.5900,24.6600,24.7000,25.6800,8326273,207905443.9000,3,5.709700,1,-3.816200,0
2020-08-21,sh.688567,24.9700,25.1600,24.7100,24.8700,24.7000,3739560,93187386.3000,3,2.564400,1,0.688300,0
2020-08-24,sh.688567,24.8800,24.9500,23.8800,24.0500,24.8700,6813854,164473246.7900,3,4.672500,1,-3.297100,0
2020-08-25,sh.688567,24.1900,24.2900,23.0800,23.4500,24.0500,10520807,248157621.0000,3,7.214600,1,-2.494800,0
2020-08-26,sh.688567,23.7700,23.7700,22.6600,22.7700,23.4500,6170397,142612807.0000,3,4.231300,1,-2.899800,0
2020-08-27,sh.688567,22.7900,23.1400,22.4000,22.8700,22.7700,6978807,159007667.0300,3,4.785700,1,0.439200,0
2020-08-28,sh.688567,22.7900,24.2800,22.7100,23.7900,22.8700,9318622,221541950.0000,3,6.390200,1,4.022700,0
2020-08-31,sh.688567,23.6800,25.8100,23.3400,25.2500,23.7900,14869973,370736219.0000,3,10.197000,1,6.137000,0
2020-09-01,sh.688567,25.1500,26.9200,24.8200,26.7200,25.2500,14691179,383236087.0000,3,10.074400,1,5.821800,0
2020-09-02,sh.688567,27.8000,27.8000,26.3400,27.1500,26.7200,14848897,403541373.0000,3,10.182500,1,1.609300,0
2020-09-03,sh.688567,26.5400,27.3700,25.9500,26.2000,27.1500,8487835,225855018.0400,3,5.820500,1,-3.499100,0
2020-09-04,sh.688567,25.6300,26.2000,25.4600,25.9000,26.2000,4432408,114378971.5300,3,3.039500,1,-1.145000,0
2020-09-07,sh.688567,25.8800,27.6500,25.7300,26.8100,25.9000,12318614,332878174.0000,3,8.447400,1,3.513500,0
2020-09-08,sh.688567,26.7000,27.0900,25.7600,26.8000,26.8100,7785955,205962901.0000,3,5.339200,1,-0.037300,0
2020-09-09,sh.688567,26.3000,26.5200,25.4800,25.4800,26.8000,6165699,159709100.0000,3,4.228100,1,-4.925400,0
2020-09-10,sh.688567,25.4800,27.2000,25.4800,25.7500,25.4800,8995925,236682561.0000,3,6.168900,1,1.059700,0
2020-09-11,sh.688567,25.7500,27.1500,25.5300,26.7800,25.7500,8613782,230125246.0000,3,5.906800,1,4.000000,0
2020-09-14,sh.688567,27.3600,28.0900,26.7700,26.8000,26.7800,10949637,301376432.7600,3,7.508600,1,0.074700,0
2020-09-15,sh.688567,27.1000,29.4200,26.8000,28.4400,26.8000,12986458,370037577.0000,3,8.905400,1,6.119400,0
2020-09-16,sh.688567,28.9300,29.2800,27.9100,28.3900,28.4400,7967404,227396014.0000,3,5.463600,1,-0.175800,0
2020-09-17,sh.688567,28.1900,30.4200,27.8900,29.6500,28.3900,15143661,441732242.0000,3,10.384600,1,4.438200,0
2020-09-18,sh.688567,29.5000,29.9600,28.8500,29.6900,29.6500,7730293,227248371.0000,3,5.301000,1,0.134900,0
2020-09-21,sh.688567,30.1000,30.4000,27.5500,27.5800,29.6900,12663437,362128841.8200,3,8.683900,1,-7.106800,0
2020-09-22,sh.688567,27.6200,28.1000,26.9000,27.1000,27.5800,7547308,207173980.8100,3,5.175500,1,-1.740400,0
2020-09-23,sh.688567,27.2300,27.9100,26.8500,27.7000,27.1000,5047503,138077462.0000,3,3.461300,1,2.214000,0
2020-09-24,sh.688567,27.0500,27.6000,26.4100,26.6100,27.7000,5342475,143240124.0000,3,3.663600,1,-3.935000,0
2020-09-25,sh.688567,27.0000,27.0500,25.5000,25.5500,26.6100,4727994,123584633.5400,3,3.242200,1,-3.983500,0
2020-09-28,sh.688567,25.8000,26.1800,24.9100,25.2000,25.5500,4539560,115914526.0000,3,3.113000,1,-1.369900,0
2020-09-29,sh.688567,25.5100,25.9400,25.2400,25.8400,25.2000,2891705,74086578.9900,3,1.983000,1,2.539700,0
2020-09-30,sh.688567,25.8000,26.3800,25.5200,25.9500,25.8400,3263166,84778933.0000,3,2.237700,1,0.425700,0
2020-10-09,sh.688567,27.1000,29.2800,27.1000,28.7400,25.9500,12077112,345198798.9300,3,8.281800,1,10.751400,0
2020-10-12,sh.688567,29.0400,30.8900,29.0400,30.6100,28.7400,15999764,484608885.9400,3,10.971700,1,6.506600,0
2020-10-13,sh.688567,30.2700,32.2300,29.9800,30.2700,30.6100,13009796,403141040.0000,3,8.921400,1,-1.110700,0
2020-10-14,sh.688567,30.0400,31.8500,30.0000,30.9300,30.2700,9509114,296330510.1900,3,6.520800,1,2.180400,0
2020-10-15,sh.688567,31.3300,32.1800,29.9100,30.1700,30.9300,10370545,321600535.8800,3,7.111500,1,-2.457200,0
2020-10-16,sh.688567,30.1300,30.9900,29.4200,30.1900,30.1700,7258102,218302125.5500,3,4.977200,1,0.066300,0
2020-10-19,sh.688567,30.4500,31.7600,29.8000,30.8800,30.1900,6867296,212667647.0000,3,4.709200,1,2.285500,0
2020-10-20,sh.688567,31.0000,33.2800,31.0000,33.2200,30.8800,9374597,302957978.0000,3,6.428600,1,7.577700,0
2020-10-21,sh.688567,33.2300,33.4400,31.4500,31.4500,33.2200,7182295,231944281.0000,3,4.925200,1,-5.328100,0
2020-10-22,sh.688567,31.8000,31.8000,30.0900,30.2300,31.4500,9983129,305351938.1400,3,6.845900,1,-3.879200,0
2020-10-23,sh.688567,30.7300,32.1500,30.1800,30.6300,30.2300,10039375,314049057.6400,3,6.884400,1,1.323200,0
2020-10-26,sh.688567,30.1400,32.0500,30.0000,31.5600,30.6300,7153369,223651246.0000,3,4.905400,1,3.036200,0
2020-10-27,sh.688567,31.2600,32.6000,31.2300,32.2900,31.5600,5987829,192095571.8900,3,4.106100,1,2.313100,0
2020-10-28,sh.688567,32.6200,32.9800,30.3800,31.7000,32.2900,8114356,255678214.0200,3,5.564400,1,-1.827200,0
2020-10-29,sh.688567,31.9100,33.1800,31.3000,31.8600,31.7000,8098023,261751328.0000,3,5.553200,1,0.504700,0
2020-10-30,sh.688567,32.4000,32.9600,30.8400,31.5400,31.8600,8546156,273359212.0000,3,5.860500,1,-1.004400,0
2020-11-02,sh.688567,30.5000,31.9500,29.1000,31.2800,31.5400,11258003,343145112.4800,3,7.720100,1,-0.824400,0
2020-11-03,sh.688567,32.0000,33.1800,30.7800,31.1300,31.2800,8848985,281264440.0800,3,6.068100,1,-0.479500,0
2020-11-04,sh.688567,31.2300,32.9300,30.5200,32.0500,31.1300,9694197,311445461.9800,3,6.647700,1,2.955300,0
2020-11-05,sh.688567,33.2500,35.2000,32.5200,34.2000,32.0500,14041907,480029229.0300,3,9.629100,1,6.708300,0
2020-11-06,sh.688567,34.2000,35.9400,32.8600,34.5100,34.2000,14798604,509703919.8500,3,10.148000,1,0.906400,0
2020-11-09,sh.688567,34.5300,35.6600,34.0400,34.9900,34.5100,10201776,355632024.2100,3,6.995800,1,1.390900,0
2020-11-10,sh.688567,34.7400,34.8800,32.8800,33.7900,34.9900,9635725,326349217.0300,3,6.607600,1,-3.429600,0
2020-11-11,sh.688567,33.4000,34.0700,31.0000,31.0800,33.7900,10191389,329785517.4800,3,6.988700,1,-8.020100,0
2020-11-12,sh.688567,31.5000,31.9000,30.3000,30.8200,31.0800,6112270,189274127.3400,3,4.191400,1,-0.836600,0
2020-11-13,sh.688567,31.0800,31.8600,30.8100,31.0000,30.8200,5473455,171511875.2600,3,3.753400,1,0.584000,0
2020-11-16,sh.688567,31.1000,31.5600,30.0500,30.3300,31.0000,5467152,166783089.0200,3,3.749100,1,-2.161300,0
2020-11-17,sh.688567,30.5000,30.8800,28.8600,29.7800,30.3300,8452391,250116081.0300,3,5.796200,1,-1.813400,0
2020-11-18,sh.688567,29.7300,30.8400,29.6000,29.9300,29.7800,6669687,201218223.1400,3,4.573700,1,0.503700,0
2020-11-19,sh.688567,29.8100,30.0000,28.7600,30.0000,29.9300,5073299,149539475.4400,3,3.479000,1,0.233900,0
2020-11-20,sh.688567,30.1000,31.1000,30.0400,30.3400,30.0000,5419749,165378237.1100,3,3.716500,1,1.133300,0
2020-11-23,sh.688567,30.3400,30.8000,29.6600,30.4300,30.3400,5540093,167426130.2900,3,3.799100,1,0.296600,0
2020-11-24,sh.688567,30.7000,32.2800,30.3300,30.6100,30.4300,8458573,264121919.0500,3,5.800400,1,0.591500,0
2020-11-25,sh.688567,30.6000,30.7100,28.8700,28.9000,30.6100,6612335,196649099.7500,3,4.534400,1,-5.586400,0
2020-11-26,sh.688567,28.8000,29.4300,27.5000,27.9600,28.9000,7906329,222340070.8500,3,5.421700,1,-3.252600,0
2020-11-27,sh.688567,27.9500,28.0900,27.0600,27.7400,27.9600,5739939,157788990.5400,3,3.936100,1,-0.786800,0
2020-11-30,sh.688567,28.4000,29.1000,27.5000,28.3000,27.7400,8053364,226881504.8400,3,5.522500,1,2.018700,0
2020-12-01,sh.688567,28.7000,29.9000,27.7800,29.9000,28.3000,6966298,202769660.0000,3,4.777100,1,5.653700,0
2020-12-02,sh.688567,29.9900,29.9900,28.4100,29.3000,29.9000,7913832,231426457.4600,3,5.426800,1,-2.006700,0
2020-12-03,sh.688567,29.1900,30.4000,28.9000,29.6800,29.3000,4475044,132748468.5500,3,3.068700,1,1.296900,0
2020-12-04,sh.688567,29.6800,30.6600,29.1600,29.8200,29.6800,5029203,150006866.3800,3,3.448700,1,0.471700,0
2020-12-07,sh.688567,30.1000,31.6000,30.0100,31.1200,29.8200,8637507,267675318.2700,3,5.923100,1,4.359500,0
2020-12-08,sh.688567,31.3000,33.0100,31.0800,32.3500,31.1200,10396251,335323976.5000,3,7.129100,1,3.952400,0
2020-12-09,sh.688567,32.5900,33.2500,31.7700,31.7700,32.3500,6298457,204682476.3800,3,4.319100,1,-1.792900,0
2020-12-10,sh.688567,32.1100,32.2000,31.2900,31.5700,31.7700,4245967,134382808.4900,3,2.911600,1,-0.629500,0
2020-12-11,sh.688567,31.7000,32.9400,31.2100,32.0600,31.5700,5794270,187022712.2600,3,3.973400,1,1.552100,0
2020-12-14,sh.688567,32.2000,32.5000,31.2800,32.2200,32.0600,3521698,112323254.9800,3,2.415000,1,0.499100,0
2020-12-15,sh.688567,32.2000,32.7700,31.4200,32.5500,32.2200,4099244,131547786.4200,3,2.811000,1,1.024200,0
2020-12-16,sh.688567,32.3800,34.0700,32.3800,32.6600,32.5500,8335551,277999441.3300,3,5.716000,1,0.337900,0
2020-12-17,sh.688567,32.5200,34.5000,32.4000,34.1400,32.6600,10368825,350536758.3700,3,7.110300,1,4.531500,0
2020-12-18,sh.688567,34.4800,37.8400,34.2500,35.7500,34.1400,14243883,513621880.0800,3,9.767600,1,4.715900,0
2020-12-21,sh.688567,37.0000,38.6700,36.0000,38.0100,35.7500,13071252,492110242.6100,3,8.963500,1,6.321700,0
2020-12-22,sh.688567,37.8000,38.7300,36.1000,36.8800,38.0100,12275554,459101050.5200,3,8.417900,1,-2.972900,0
2020-12-23,sh.688567,37.1500,39.0000,37.1500,38.5600,36.8800,10914880,415321373.6300,3,7.484800,1,4.555300,0
2020-12-24,sh.688567,38.6800,40.5000,38.5800,39.4000,38.5600,11170853,443067565.8500,3,7.660300,1,2.178400,0
2020-12-25,sh.688567,43.3000,46.5000,40.0100,45.3800,39.4000,23942695,1027451588.5200,3,16.418500,1,15.177700,0
2020-12-28,sh.688567,44.7700,47.9900,44.1000,45.9200,45.3800,16708903,780626354.8800,3,11.458000,1,1.190000,0
2020-12-29,sh.688567,46.6200,47.2000,40.3000,41.3900,45.9200,20176519,868455734.6600,3,13.835900,1,-9.865000,0
2020-12-30,sh.688567,42.1800,46.5400,42.1800,45.8100,41.3900,16983952,760717111.9700,3,11.646600,1,10.678900,0
2020-12-31,sh.688567,45.9400,48.1000,45.0300,45.7500,45.8100,10690311,493762744.4400,3,7.330800,1,-0.131000,0
2021-01-04,sh.688567,46.7900,50.2000,45.5000,50.0900,45.7500,15402164,745407870.3300,3,10.561900,1,9.486300,0
2021-01-05,sh.688567,50.0000,50.0000,47.0500,48.6600,50.0900,13848962,667361393.9000,3,9.496800,1,-2.854900,0
2021-01-06,sh.688567,48.0000,49.0500,44.8800,46.4400,48.6600,12409448,574827935.0500,3,8.509700,1,-4.562300,0
2021-01-07,sh.688567,47.2500,47.5000,43.5000,44.9500,46.4400,13653947,617080450.6900,3,9.363100,1,-3.208400,0
2021-01-08,sh.688567,44.3500,45.4500,39.0500,41.7100,44.9500,14639851,606368477.8100,3,10.039200,1,-7.208000,0
2021-01-11,sh.688567,42.1400,42.2000,38.0300,38.4000,41.7100,14925112,592481344.3900,3,10.234800,1,-7.935700,0
2021-01-12,sh.688567,39.2400,42.0900,38.6100,40.8000,38.4000,10641075,431434734.6000,3,7.297000,1,6.250000,0
2021-01-13,sh.688567,41.0000,42.4000,37.8000,37.9900,40.8000,11075839,439030259.5500,3,7.595200,1,-6.887300,0
2021-01-14,sh.688567,37.9900,38.5000,36.6600,37.4500,37.9900,7667726,286555611.9300,3,5.258100,1,-1.421400,0
2021-01-15,sh.688567,37.2000,38.7500,37.1800,37.8000,37.4500,7270686,276733245.1100,3,4.985800,1,0.934600,0
2021-01-18,sh.688567,37.4700,38.7500,36.2400,38.1600,37.8000,7813079,294157836.6300,3,5.063200,1,0.952400,0
2021-01-19,sh.688567,37.8000,41.0000,37.8000,38.7800,38.1600,11264423,444018523.6000,3,7.299800,1,1.624700,0
2021-01-20,sh.688567,39.1300,42.5000,39.0300,42.1600,38.7800,11880031,486869486.7600,3,7.698800,1,8.715800,0
2021-01-21,sh.688567,42.0000,42.5300,40.7800,41.4100,42.1600,6380363,264588004.9800,3,4.134700,1,-1.778900,0
2021-01-22,sh.688567,41.3000,42.4800,40.1000,41.5000,41.4100,5631471,232597234.1100,3,3.649400,1,0.217300,0
2021-01-25,sh.688567,41.2500,41.9600,38.3500,38.5700,41.5000,11304721,447189195.6100,3,7.325900,1,-7.060200,0
2021-01-26,sh.688567,38.9500,38.9500,35.8800,37.2000,38.5700,8446149,313323810.1500,3,5.473500,1,-3.552000,0
2021-01-27,sh.688567,37.0800,38.6300,36.3100,38.3900,37.2000,4886477,184820777.8000,3,3.166600,1,3.198900,0
2021-01-28,sh.688567,37.3500,39.3800,36.7000,37.3700,38.3900,5125832,194773245.8500,3,3.321800,1,-2.656900,0
2021-01-29,sh.688567,37.6000,39.2400,37.0000,37.4600,37.3700,7967111,305480281.4600,3,5.163000,1,0.240800,0
2021-02-01,sh.688567,37.0800,39.1000,36.9000,38.0500,37.4600,4197498,159994296.7600,3,2.720200,1,1.575000,0
2021-02-02,sh.688567,37.7100,38.0400,35.0000,35.7900,38.0500,11060047,399631023.3900,3,7.167400,1,-5.939600,0
2021-02-03,sh.688567,35.2000,35.9600,31.8000,33.6800,35.7900,20619134,692188151.0300,3,13.362100,1,-5.895500,0
2021-02-04,sh.688567,33.8000,34.0000,30.8800,31.5400,33.6800,11196328,358211369.7800,3,7.255700,1,-6.353900,0
2021-02-05,sh.688567,31.8000,32.6600,29.7300,29.8400,31.5400,9858309,303646642.8600,3,6.388600,1,-5.390000,0
2021-02-08,sh.688567,29.6400,30.9900,29.3500,30.4000,29.8400,4920576,149103256.6600,3,3.188700,1,1.876700,0
2021-02-09,sh.688567,30.0800,32.1400,30.0800,31.2000,30.4000,6922216,216416696.3200,3,4.485900,1,2.631600,0
2021-02-10,sh.688567,31.3000,33.3300,31.3000,32.1700,31.2000,7173670,232515877.4300,3,4.648800,1,3.109000,0
2021-02-18,sh.688567,33.9400,33.9400,30.7100,31.4900,32.1700,6563198,209506738.0200,3,4.253200,1,-2.113800,0
2021-02-19,sh.688567,31.7600,31.9200,30.9300,31.7900,31.4900,3890063,122684874.0600,3,2.520900,1,0.952700,0
2021-02-22,sh.688567,31.9800,32.6600,31.5400,31.9300,31.7900,5104169,163879055.3000,3,3.307700,1,0.440400,0
2021-02-23,sh.688567,31.5700,32.8900,31.3300,32.4900,31.9300,5682217,183884923.2200,3,3.682300,1,1.753800,0
2021-02-24,sh.688567,32.5400,33.4000,31.2100,31.6000,32.4900,5184898,166335539.1900,3,3.360000,1,-2.739300,0
2021-02-25,sh.688567,32.1800,32.1800,29.8700,29.9400,31.6000,7266394,220500820.9600,3,4.708900,1,-5.253200,0
2021-02-26,sh.688567,29.1100,30.8800,27.8400,30.3700,29.9400,6671139,195140198.4800,3,4.323200,1,1.436200,0
2021-03-01,sh.688567,30.3600,33.5000,30.0300,33.2100,30.3700,9976121,323971330.7900,3,6.464900,1,9.351300,0
2021-03-02,sh.688567,33.6400,34.1500,32.9800,33.8900,33.2100,5761463,193238247.2400,3,3.733700,1,2.047600,0
2021-03-03,sh.688567,33.7000,34.9200,33.6000,34.3900,33.8900,4328741,149207979.2100,3,2.805200,1,1.475400,0
2021-03-04,sh.688567,33.9900,34.3500,32.5800,32.9000,34.3900,5014474,166869789.3300,3,3.249600,1,-4.332700,0
2021-03-05,sh.688567,32.2500,33.7000,32.2300,33.3000,32.9000,3777237,125231969.3300,3,2.447800,1,1.215800,0
2021-03-08,sh.688567,33.4000,34.2500,32.7100,32.7500,33.3000,4902116,164165315.0600,3,3.176800,1,-1.651700,0
2021-03-09,sh.688567,32.8500,33.9500,30.6300,32.6000,32.7500,4551747,148503622.8800,3,2.949700,1,-0.458000,0
2021-03-10,sh.688567,33.5000,33.9100,32.7600,33.0400,32.6000,4539820,151369732.2800,3,2.942000,1,1.349700,0
2021-03-11,sh.688567,33.3700,33.8800,32.5800,33.7200,33.0400,5831227,195410775.8600,3,3.778900,1,2.058100,0
2021-03-12,sh.688567,33.7300,34.8600,32.8900,32.8900,33.7200,8164090,277584182.2700,3,5.290700,1,-2.461400,0
2021-03-15,sh.688567,32.7000,32.8700,31.3100,31.5000,32.8900,5774915,184299108.5100,3,3.742400,1,-4.226200,0
2021-03-16,sh.688567,31.5000,31.8900,30.5000,30.7500,31.5000,4512694,139507235.2100,3,2.924400,1,-2.381000,0
2021-03-17,sh.688567,30.6500,31.2800,30.2100,30.8300,30.7500,3487731,107053368.9700,3,2.260200,1,0.260200,0
2021-03-18,sh.688567,30.9000,31.5000,28.6300,29.0000,30.8300,8739741,259725677.0500,3,5.663700,1,-5.935800,0
2021-03-19,sh.688567,28.2800,30.8200,28.2100,29.0000,29.0000,6737585,199718341.2700,3,4.366200,1,0.000000,0
2021-03-22,sh.688567,29.3800,29.6300,28.2900,28.3800,29.0000,5250843,150823950.4700,3,3.402800,1,-2.137900,0
2021-03-23,sh.688567,28.4400,28.6200,27.1000,27.5100,28.3800,5276308,145875746.8000,3,3.419300,1,-3.065500,0
2021-03-24,sh.688567,25.0000,27.1500,24.8000,25.8900,27.5100,8848346,229248740.1100,3,5.734100,1,-5.888800,0
2021-03-25,sh.688567,25.8800,26.4400,24.4000,24.4000,25.8900,7427295,186081443.0300,3,4.813200,1,-5.755100,0
2021-03-26,sh.688567,24.7000,26.4200,24.5800,26.0400,24.4000,5350956,136610553.2800,3,3.467600,1,6.721300,0
2021-03-29,sh.688567,26.3800,26.5500,25.5100,25.6300,26.0400,3411764,87874754.3300,3,2.211000,1,-1.574500,0
2021-03-30,sh.688567,25.7500,25.9600,25.5000,25.6500,25.6300,2172452,55781527.0500,3,1.407800,1,0.078000,0
2021-03-31,sh.688567,25.6600,26.3400,25.4400,25.7900,25.6500,2061075,53290839.8000,3,1.335700,1,0.545800,0
2021-04-01,sh.688567,26.0000,26.3900,25.3000,26.2200,25.7900,3699375,95502212.1700,3,2.397300,1,1.667300,0
2021-04-02,sh.688567,29.9900,30.0000,27.5000,28.0600,26.2200,8264407,234111937.7800,3,5.355700,1,7.017500,0
2021-04-06,sh.688567,28.1700,28.1700,26.6500,27.0000,28.0600,5086841,138181785.7600,3,3.296500,1,-3.777600,0
2021-04-07,sh.688567,26.9700,27.2400,26.3400,26.9300,27.0000,2723330,72540413.6500,3,1.764800,1,-0.259300,0
2021-04-08,sh.688567,26.5500,27.4400,26.5500,26.8000,26.9300,2867827,77369588.8900,3,1.858500,1,-0.482700,0
2021-04-09,sh.688567,26.8800,26.9500,26.4000,26.8000,26.8000,2210692,58855560.9200,3,1.432600,1,0.000000,0
2021-04-12,sh.688567,26.6500,26.7700,25.4000,25.5500,26.8000,3598880,93369013.9400,3,2.332200,1,-4.664200,0
2021-04-13,sh.688567,25.9900,26.1600,25.1900,25.2800,25.5500,2071357,52955457.2100,3,1.342300,1,-1.056800,0
2021-04-14,sh.688567,25.6700,26.3900,25.3500,26.0200,25.2800,2812785,72778065.8900,3,1.822800,1,2.927200,0
2021-04-15,sh.688567,25.8500,26.1000,25.0200,25.8700,26.0200,2999031,76569707.3100,3,1.943500,1,-0.576500,0
2021-04-16,sh.688567,25.4400,26.5800,25.4400,26.3600,25.8700,2232971,58397962.3800,3,1.447100,1,1.894100,0
2021-04-19,sh.688567,26.4400,27.9800,26.1800,27.7000,26.3600,4971930,136943271.9100,3,3.222000,1,5.083500,0
2021-04-20,sh.688567,27.6600,29.1300,27.0200,28.4500,27.7000,8083847,229416886.5700,3,5.238700,1,2.707600,0
2021-04-21,sh.688567,28.3000,28.8000,27.8700,28.4000,28.4500,3849599,109119867.8200,3,2.494700,1,-0.175700,0
2021-04-22,sh.688567,28.7000,29.2000,28.2000,28.3000,28.4000,5200951,149193010.5100,3,3.370400,1,-0.352100,0
2021-04-23,sh.688567,28.3900,28.7500,28.0500,28.2500,28.3000,2977762,84434812.1000,3,1.929700,1,-0.176700,0
2021-04-26,sh.688567,28.2500,28.6400,27.5300,27.7500,28.2500,3721476,104212930.8000,3,2.411700,1,-1.769900,0
2021-04-27,sh.688567,27.8800,27.9200,27.4200,27.7600,27.7500,1462405,40491279.6400,3,0.947700,1,0.036000,0
2021-04-28,sh.688567,27.7600,28.2600,27.4400,27.8000,27.7600,2212726,61631079.7400,3,1.433900,1,0.144100,0
2021-04-29,sh.688567,27.7000,27.7000,26.8000,26.9700,27.8000,3668957,99770116.9000,3,2.377600,1,-2.985600,0
2021-04-30,sh.688567,26.1900,27.8700,26.0200,27.7300,26.9700,3685900,100311841.7200,3,2.388600,1,2.817900,0
2021-05-06,sh.688567,27.8800,28.1200,25.9000,27.6700,27.7300,5035056,136423346.2200,3,3.262900,1,-0.216400,0
2021-05-07,sh.688567,27.6000,27.7200,26.3100,26.3800,27.6700,3761333,100984226.5300,3,2.437500,1,-4.662100,0
2021-05-10,sh.688567,26.5800,26.5800,24.4000,24.9000,26.3800,6128575,154612724.8600,3,3.971600,1,-5.610300,0
2021-05-11,sh.688567,24.9000,25.3600,24.4500,25.1400,24.9000,2290111,57176980.7900,3,1.484100,1,0.963900,0
2021-05-12,sh.688567,25.1800,25.3500,24.3500,24.6100,25.1400,3998639,98833828.9700,3,2.591300,1,-2.108200,0
2021-05-13,sh.688567,24.3900,24.7100,24.0400,24.2000,24.6100,2355179,57350007.8100,3,1.526300,1,-1.666000,0
2021-05-14,sh.688567,24.2100,25.2800,24.0800,25.1800,24.2000,2959425,73201869.5600,3,1.917800,1,4.049600,0
2021-05-17,sh.688567,25.5100,28.4000,25.1100,27.8000,25.1800,9587829,257353140.5200,3,6.213300,1,10.405100,0
2021-05-18,sh.688567,28.3500,28.6800,27.1700,28.3700,27.8000,8891753,248458359.7500,3,5.762200,1,2.050400,0
2021-05-19,sh.688567,27.9100,29.8800,27.9100,29.5000,28.3700,7783361,228450729.3300,3,5.043900,1,3.983100,0
2021-05-20,sh.688567,29.2200,30.1600,28.6000,28.6700,29.5000,6205651,182813076.1100,3,4.021500,1,-2.813600,0
2021-05-21,sh.688567,29.0000,29.6500,28.5000,28.6200,28.6700,4261659,123184218.7600,3,2.761700,1,-0.174400,0
2021-05-24,sh.688567,28.4300,28.7900,27.8200,27.9100,28.6200,4094277,115450561.2300,3,2.653300,1,-2.480800,0
2021-05-25,sh.688567,27.6200,29.2700,27.6200,28.9800,27.9100,4408592,127137861.1100,3,2.856900,1,3.833800,0
2021-05-26,sh.688567,29.0900,29.2900,28.5000,28.7900,28.9800,2554487,73806918.0700,3,1.655400,1,-0.655600,0
2021-05-27,sh.688567,28.6400,30.3800,28.5000,29.8600,28.7900,5644577,168472856.2900,3,3.657900,1,3.716600,0
2021-05-28,sh.688567,29.8600,31.3300,29.8600,30.6400,29.8600,6456617,199154708.9800,3,4.184200,1,2.612200,0
2021-05-31,sh.688567,30.6400,34.3200,30.6000,33.4600,30.6400,11303054,367527584.0800,3,7.324800,1,9.203700,0
2021-06-01,sh.688567,33.1800,34.1100,31.8000,32.2100,33.4600,10078303,329394551.9600,3,6.531200,1,-3.735800,0
2021-06-02,sh.688567,31.8800,33.2000,31.2700,31.3800,32.2100,5582633,178372049.7100,3,3.617800,1,-2.576800,0
2021-06-03,sh.688567,31.2400,32.5800,30.7300,31.6800,31.3800,4580293,145291196.2300,3,2.968200,1,0.956000,0
2021-06-04,sh.688567,31.7000,33.1500,31.6000,32.3800,31.6800,6895941,224934637.2600,3,4.468900,1,2.209600,0
2021-06-07,sh.688567,33.1000,33.1000,30.7100,31.1400,32.3800,6817016,214648523.1400,3,4.417700,1,-3.829500,0
2021-06-08,sh.688567,31.1900,31.9100,29.3200,29.5600,31.1400,7781524,235177801.2100,3,5.042700,1,-5.073900,0
2021-06-09,sh.688567,29.6000,30.0700,28.6800,29.5000,29.5600,5954198,174620586.7500,3,3.858600,1,-0.203000,0
2021-06-10,sh.688567,29.5000,30.2000,29.2900,29.6300,29.5000,4950907,147573564.9100,3,3.208400,1,0.440700,0
2021-06-11,sh.688567,29.6100,29.7800,28.2100,28.2100,29.6300,6281965,180591473.2800,3,4.071000,1,-4.792400,0
2021-06-15,sh.688567,29.0000,29.2000,27.3800,27.9600,28.2100,5189681,145304796.6600,3,3.363100,1,-0.886200,0
2021-06-16,sh.688567,28.1200,28.2900,27.1300,27.4300,27.9600,4206296,115732627.4600,3,2.725900,1,-1.895600,0
2021-06-17,sh.688567,28.4900,29.6200,28.1200,28.9900,27.4300,8090034,232885637.6900,3,5.242700,1,5.687200,0
2021-06-18,sh.688567,28.8500,30.7800,28.5100,30.3900,28.9900,8980377,270122348.8500,3,5.819700,1,4.829300,0
2021-06-21,sh.688567,30.4000,30.4500,29.0100,29.9500,30.3900,7929338,235705155.3100,3,5.138500,1,-1.447800,0
2021-06-22,sh.688567,29.9600,30.0600,29.2900,29.4100,29.9500,6335771,187135242.4800,3,4.105800,1,-1.803000,0
2021-06-23,sh.688567,29.1000,32.4800,28.8000,31.7000,29.4100,11747295,361300212.1600,3,7.612700,1,7.786500,0
2021-06-24,sh.688567,32.0000,32.0300,30.7900,31.2900,31.7000,6433478,201536492.0700,3,4.169200,1,-1.293400,0
2021-06-25,sh.688567,31.4000,34.8400,31.0300,34.8400,31.2900,19585285,651027121.4900,3,12.692100,1,11.345500,0
2021-06-28,sh.688567,34.8000,36.3000,34.0400,35.4000,34.8400,16364137,576106534.7800,3,10.604600,1,1.607300,0
2021-06-29,sh.688567,35.7900,35.7900,33.5000,34.0800,35.4000,12267232,420741564.1100,3,7.949700,1,-3.728800,0
2021-06-30,sh.688567,34.1100,34.7800,33.5200,34.2700,34.0800,8939389,304899758.7500,3,5.793100,1,0.557500,0
2021-07-01,sh.688567,34.0700,34.2600,31.6600,31.6800,34.2700,10894833,356073465.9200,3,7.060300,1,-7.557600,0
2021-07-02,sh.688567,31.5000,32.7400,31.1300,31.4900,31.6800,9073001,289320607.4400,3,5.879700,1,-0.599700,0
2021-07-05,sh.688567,31.8000,32.8700,31.3300,31.9800,31.4900,7455691,240444683.9400,3,4.831600,1,1.556000,0
2021-07-06,sh.688567,32.1800,33.9600,31.7800,32.8100,31.9800,8832871,291065942.0600,3,5.724100,1,2.595400,0
2021-07-07,sh.688567,32.9500,35.5000,32.7900,34.7600,32.8100,11548491,399030985.6500,3,7.483900,1,5.943300,0
2021-07-08,sh.688567,34.7600,35.9300,33.8000,34.1000,34.7600,10944723,379720177.8100,3,7.092600,1,-1.898700,0
2021-07-09,sh.688567,34.6500,38.8900,34.1300,38.1300,34.1000,20355995,755583069.2800,3,13.191500,1,11.818200,0
2021-07-12,sh.688567,38.6600,41.2300,38.6600,39.5700,38.1300,14672149,588258171.4800,3,9.508200,1,3.776600,0
2021-07-13,sh.688567,39.5000,40.5400,37.6800,39.9700,39.5700,12448200,486024252.7400,3,8.066900,1,1.010900,0
2021-07-14,sh.688567,40.0000,40.1000,37.2800,37.5500,39.9700,11115889,424749876.6900,3,7.203600,1,-6.054500,0
2021-07-15,sh.688567,37.8200,38.4300,35.8800,36.5400,37.5500,9626891,352458903.7400,3,6.238600,1,-2.689700,0
2021-07-16,sh.688567,36.6000,37.2000,35.0900,35.7200,36.5400,8633739,311560523.6100,3,5.595000,1,-2.244100,0
2021-07-19,sh.688567,34.4400,35.6700,33.4400,34.1000,35.7200,18391608,631696610.3200,3,2.302300,1,-4.535300,0
2021-07-20,sh.688567,34.1000,37.3800,33.7200,36.6700,34.1000,15031205,535954421.0300,3,1.881600,1,7.536700,0
2021-07-21,sh.688567,36.6800,37.7700,36.0500,36.1100,36.6700,13831542,509123054.3700,3,1.731400,1,-1.527100,0
2021-07-22,sh.688567,36.0000,36.5200,35.0000,35.4500,36.1100,10330418,367863367.4400,3,1.293200,1,-1.827700,0
2021-07-23,sh.688567,36.0000,37.5000,35.1700,35.4000,35.4500,11832982,429266255.5900,3,1.481300,1,-0.141000,0
2021-07-26,sh.688567,35.0000,35.4800,32.5800,33.8500,35.4000,14447210,491797486.7200,3,1.808500,1,-4.378500,0
2021-07-27,sh.688567,34.8500,36.5800,33.2400,33.6800,33.8500,16520221,579140474.9000,3,2.068000,1,-0.502200,0
2021-07-28,sh.688567,33.0300,34.3000,31.9000,32.3000,33.6800,10204261,335460952.3900,3,1.277400,1,-4.097400,0
2021-07-29,sh.688567,33.0100,34.4300,32.6100,34.2200,32.3000,9561121,322157352.3700,3,1.196900,1,5.944300,0
2021-07-30,sh.688567,34.2200,36.1600,34.2200,34.9800,34.2200,14143971,498954005.7100,3,1.770500,1,2.220900,0
2021-08-02,sh.688567,35.6800,36.4800,34.3300,35.3600,34.9800,10787801,381291550.6300,3,1.350400,1,1.086300,0
2021-08-03,sh.688567,35.0000,35.3500,33.0000,33.3600,35.3600,9036386,308210518.4500,3,1.131200,1,-5.656100,0
2021-08-04,sh.688567,33.1100,36.2400,33.1100,36.1000,33.3600,13123254,461290992.0800,3,1.642800,1,8.213400,0
2021-08-05,sh.688567,36.1000,36.8800,35.0100,35.4300,36.1000,10950662,393445648.9700,3,1.370800,1,-1.856000,0
2021-08-06,sh.688567,35.7600,38.7800,35.7400,37.7000,35.4300,21424418,799872656.8300,3,2.681900,1,6.407000,0
2021-08-09,sh.688567,38.4500,38.4500,35.7000,36.4600,37.7000,12417887,453124012.2300,3,1.554500,1,-3.289100,0
2021-08-10,sh.688567,36.6300,42.0000,36.4700,41.2000,36.4600,32970290,1323316504.4600,3,4.127200,1,13.000500,0
2021-08-11,sh.688567,41.5000,44.4300,39.9100,43.5100,41.2000,39883466,1691583840.2300,3,4.992600,1,5.606800,0
2021-08-12,sh.688567,43.6600,47.8800,42.1100,46.9600,43.5100,34325795,1561513784.7100,3,4.296900,1,7.929200,0
2021-08-13,sh.688567,45.4800,47.4700,43.4600,44.2700,46.9600,23167620,1049158648.5000,3,2.900100,1,-5.728300,0
2021-08-16,sh.688567,44.2000,44.2600,40.6000,40.9200,44.2700,18256760,764700858.3800,3,2.285400,1,-7.567200,0
2021-08-17,sh.688567,41.5000,43.1800,39.2600,40.2000,40.9200,17296663,710807797.0800,3,2.165200,1,-1.759500,0
2021-08-18,sh.688567,40.6200,41.2000,38.4000,38.6500,40.2000,14795759,583449676.7700,3,1.852100,1,-3.855700,0
2021-08-19,sh.688567,39.0000,40.5600,37.6500,39.3000,38.6500,17069611,666585679.1200,3,2.136800,1,1.681800,0
2021-08-20,sh.688567,39.0000,39.4000,35.6000,36.6000,39.3000,25629424,947341907.1200,3,3.208300,1,-6.870200,0
2021-08-23,sh.688567,36.6000,37.4700,36.3500,37.2000,36.6000,14392658,533817926.4500,3,1.801700,1,1.639300,0
2021-08-24,sh.688567,37.1000,39.3200,37.0900,38.4300,37.2000,14133762,543797351.7400,3,1.769300,1,3.306500,0
2021-08-25,sh.688567,38.4400,38.8900,36.8000,38.6800,38.4300,13531688,510755599.0600,3,1.693900,1,0.650500,0
2021-08-26,sh.688567,38.1800,39.2800,37.0700,37.0700,38.6800,10815602,410580459.2800,3,1.353900,1,-4.162400,0
2021-08-27,sh.688567,37.0500,37.7600,35.8800,37.5200,37.0700,11587424,426826616.0500,3,1.450500,1,1.213900,0
2021-08-30,sh.688567,37.5000,40.4400,37.0900,39.8400,37.5200,20067847,781192320.5800,3,2.512100,1,6.183400,0
2021-08-31,sh.688567,39.5500,40.3000,38.8200,39.7500,39.8400,11591002,457953855.2100,3,1.451000,1,-0.225900,0
2021-09-01,sh.688567,39.5000,41.4900,38.2700,39.5600,39.7500,13878518,552914786.1000,3,1.737300,1,-0.478000,0
2021-09-02,sh.688567,39.4600,41.0000,38.8800,40.0500,39.5600,10166742,408475872.2200,3,1.272700,1,1.238600,0
2021-09-03,sh.688567,39.8800,40.0500,37.5000,37.9900,40.0500,14948413,574278682.1200,3,1.871200,1,-5.143600,0
2021-09-06,sh.688567,38.2000,38.4900,36.6100,37.8800,37.9900,8688513,325877896.4500,3,1.087600,1,-0.289500,0
2021-09-07,sh.688567,38.3400,39.5800,37.4900,38.7000,37.8800,8792992,340076446.8900,3,1.100700,1,2.164700,0
2021-09-08,sh.688567,38.3300,38.9900,37.1600,37.7300,38.7000,9141481,345070801.5000,3,1.144300,1,-2.506500,0
2021-09-09,sh.688567,37.4500,37.8400,35.3800,35.8800,37.7300,14591238,529932049.5800,3,1.826500,1,-4.903300,0
2021-09-10,sh.688567,35.8000,36.1500,34.6600,34.9500,35.8800,11349486,399220081.4200,3,1.420700,1,-2.592000,0
2021-09-13,sh.688567,35.2900,35.3800,33.6800,34.0000,34.9500,8932069,305140876.6300,3,1.118100,1,-2.718200,0
2021-09-14,sh.688567,34.0900,36.0000,34.0900,34.7700,34.0000,9697258,340700229.1800,3,1.213900,1,2.264700,0
2021-09-15,sh.688567,34.9300,34.9300,33.6500,33.9600,34.7700,6939056,235656388.8800,3,0.868600,1,-2.329600,0
2021-09-16,sh.688567,34.1300,34.1300,32.3700,32.5000,33.9600,9487196,312728986.1700,3,1.187600,1,-4.299200,0
2021-09-17,sh.688567,33.6600,34.4900,32.0000,34.4900,32.5000,9560744,319785692.7000,3,1.196800,1,6.123100,0
2021-09-22,sh.688567,33.9500,34.2300,33.0900,33.2600,34.4900,6491790,217397826.7500,3,0.812600,1,-3.566300,0
2021-09-23,sh.688567,33.7800,33.8000,32.6500,33.1500,33.2600,5358129,177115013.8700,3,0.670700,1,-0.330700,0
2021-09-24,sh.688567,33.1600,34.0700,32.8800,33.1400,33.1500,5436215,182297872.6700,3,0.680500,1,-0.030200,0
2021-09-27,sh.688567,33.2100,33.4800,30.0000,31.4000,33.1400,14919064,465992962.0400,3,1.867600,1,-5.250500,0
2021-09-28,sh.688567,31.0800,32.1200,31.0800,31.6000,31.4000,4322873,136954580.2300,3,0.541100,1,0.636900,0
2021-09-29,sh.688567,31.2000,31.7900,30.0200,30.2600,31.6000,5908954,181593634.2300,3,0.739700,1,-4.240500,0
2021-09-30,sh.688567,30.6500,30.8800,30.0000,30.6000,30.2600,7369497,224570244.4900,3,0.922500,1,1.123600,0
2021-10-08,sh.688567,31.5800,31.8300,30.7700,31.1100,30.6000,4731460,147738842.1400,3,0.592300,1,1.666700,0
2021-10-11,sh.688567,31.2500,31.5500,30.4400,30.8500,31.1100,3621179,112102888.1700,3,0.453300,1,-0.835700,0
2021-10-12,sh.688567,30.8600,31.2400,30.0300,31.1300,30.8500,4450300,136016752.0400,3,0.557100,1,0.907600,0
2021-10-13,sh.688567,31.1500,32.8400,30.9000,32.3000,31.1300,7503320,242065291.2300,3,0.939300,1,3.758400,0
2021-10-14,sh.688567,32.2500,32.8100,31.8600,32.4000,32.3000,4393687,142365706.6700,3,0.550000,1,0.309600,0
2021-10-15,sh.688567,32.4100,33.5000,32.1000,32.6500,32.4000,5838705,191984420.6700,3,0.730900,1,0.771600,0
2021-10-18,sh.688567,32.7000,34.0000,32.6500,33.2900,32.6500,5822335,194615257.7700,3,0.728800,1,1.960200,0
2021-10-19,sh.688567,33.4500,34.2200,32.5500,32.7600,33.2900,6105455,202992808.5800,3,0.764300,1,-1.592100,0
2021-10-20,sh.688567,32.7800,33.5000,32.3900,32.8100,32.7600,6538075,214787659.9500,3,0.818400,1,0.152600,0
2021-10-21,sh.688567,32.4900,33.1500,32.1200,32.3500,32.8100,4648350,151671031.4100,3,0.581900,1,-1.402000,0
2021-10-22,sh.688567,32.2000,32.6000,31.8000,31.8000,32.3500,4147248,132597273.4000,3,0.519200,1,-1.700200,0
2021-10-25,sh.688567,31.9100,34.8800,31.7000,34.3100,31.8000,12781544,432686453.1700,3,1.600000,1,7.893100,0
2021-10-26,sh.688567,34.7000,35.7000,33.7700,34.0000,34.3100,8258275,284473749.1100,3,1.033800,1,-0.903500,0
2021-10-27,sh.688567,34.0000,35.2500,33.8400,34.2400,34.0000,8608971,297875657.6200,3,1.077700,1,0.705900,0
2021-10-28,sh.688567,33.9500,34.7900,32.8000,32.9900,34.2400,6967500,235069207.0800,3,0.872200,1,-3.650700,0
2021-10-29,sh.688567,32.8500,33.5900,31.7600,33.4100,32.9900,8354586,273134103.5600,3,1.045800,1,1.273100,0
2021-11-01,sh.688567,32.8000,35.7800,32.7100,35.1800,33.4100,13135297,459007369.9500,3,1.644300,1,5.297800,0
2021-11-02,sh.688567,35.1400,36.6900,34.8400,35.0800,35.1800,11424748,407921843.5900,3,1.430200,1,-0.284300,0
2021-11-03,sh.688567,35.2000,35.5700,34.2900,35.3000,35.0800,6469344,226062851.5600,3,0.809800,1,0.627100,0
2021-11-04,sh.688567,35.4000,36.4000,35.3200,35.9000,35.3000,7203496,258708996.1500,3,0.901700,1,1.699700,0
2021-11-05,sh.688567,35.9200,36.5500,35.2100,35.3600,35.9000,5711062,204767359.8700,3,0.714900,1,-1.504200,0
2021-11-08,sh.688567,35.3800,35.6700,34.4400,35.0400,35.3600,7575446,264731747.5600,3,0.948300,1,-0.905000,0
2021-11-09,sh.688567,35.2800,35.4700,34.1900,34.4900,35.0400,7721050,267569022.3100,3,0.966500,1,-1.569600,0
2021-11-10,sh.688567,34.3000,34.8500,33.7000,34.5400,34.4900,5810659,199393201.0500,3,0.727400,1,0.145000,0
2021-11-11,sh.688567,33.5700,34.1300,31.8600,32.0600,34.5400,15748873,515544724.8500,3,1.971400,1,-7.180100,0
2021-11-12,sh.688567,32.0600,34.2100,31.8400,33.8000,32.0600,9663906,319482634.5900,3,1.209700,1,5.427300,0
2021-11-15,sh.688567,33.7600,34.7500,32.6300,34.4000,33.8000,8604014,291072937.3100,3,1.077100,1,1.775100,0
2021-11-16,sh.688567,34.4200,35.4000,34.0500,34.3700,34.4000,6969405,242755835.2100,3,0.872400,1,-0.087200,0
2021-11-17,sh.688567,34.2300,34.8000,34.0200,34.8000,34.3700,4517541,155504009.8400,3,0.565500,1,1.251100,0
2021-11-18,sh.688567,35.3100,40.9800,34.8300,39.6800,34.8000,42144858,1613235061.2600,3,5.275700,1,14.023000,0
2021-11-19,sh.688567,40.0000,40.5000,37.9500,38.4800,39.6800,24511986,957764823.0800,3,3.068400,1,-3.024200,0
2021-11-22,sh.688567,38.4400,40.4700,38.4300,38.9100,38.4800,19141432,756929355.2100,3,2.396100,1,1.117500,0
2021-11-23,sh.688567,39.0200,39.4400,37.4100,37.5500,38.9100,15335953,585349894.4500,3,1.919800,1,-3.495200,0
2021-11-24,sh.688567,37.5500,38.1100,36.5900,36.6800,37.5500,10556723,392407557.9700,3,1.321500,1,-2.316900,0
2021-11-25,sh.688567,36.6500,38.0700,36.6000,37.6800,36.6800,11025733,413703799.5700,3,1.380200,1,2.726300,0
2021-11-26,sh.688567,38.0000,38.9500,37.5800,37.9200,37.6800,10874829,416081933.1400,3,1.361300,1,0.636900,0
2021-11-29,sh.688567,36.9900,38.4600,36.9800,37.5600,37.9200,10299941,388120079.0600,3,1.289300,1,-0.949400,0
2021-11-30,sh.688567,37.7500,38.4000,36.6000,37.0000,37.5600,10370680,388829267.7700,3,1.298200,1,-1.490900,0
2021-12-01,sh.688567,37.0500,37.5600,36.4600,36.9200,37.0000,6233520,229935487.8100,3,0.780300,1,-0.216200,0
2021-12-02,sh.688567,36.8600,37.2600,35.8000,36.2400,36.9200,7378158,267777130.8700,3,0.923600,1,-1.841800,0
2021-12-03,sh.688567,37.0000,38.1000,36.1300,37.6600,36.2400,16370161,613209824.1900,3,2.049200,1,3.918300,0
2021-12-06,sh.688567,37.7900,38.5300,37.1600,37.5600,37.6600,10512475,398747565.6900,3,1.316000,1,-0.265500,0
2021-12-07,sh.688567,37.9900,38.2200,35.6000,35.9000,37.5600,11333978,414089808.5600,3,1.418800,1,-4.419600,0
2021-12-08,sh.688567,36.0800,36.4300,35.5200,35.8400,35.9000,7239520,259392456.1500,3,0.906200,1,-0.167100,0
2021-12-09,sh.688567,35.7900,35.8800,34.9100,35.3100,35.8400,5938099,210027746.3700,3,0.743300,1,-1.478800,0
2021-12-10,sh.688567,35.6500,36.5500,35.1400,36.2300,35.3100,7773641,279863324.9000,3,0.973100,1,2.605500,0
2021-12-13,sh.688567,36.5500,39.6500,36.5100,38.5200,36.2300,24962798,962286213.6700,3,3.124800,1,6.320700,0
2021-12-14,sh.688567,38.5600,38.7900,37.3000,38.0900,38.5200,8569122,324755313.3600,3,1.072700,1,-1.116300,0
2021-12-15,sh.688567,37.9900,38.1600,36.6900,36.7600,38.0900,9773715,363595444.6600,3,1.223500,1,-3.491700,0
2021-12-16,sh.688567,36.9800,37.2800,35.6200,35.9600,36.7600,8789194,318096492.0100,3,1.100200,1,-2.176300,0
2021-12-17,sh.688567,36.4900,36.4900,35.2500,35.6400,35.9600,9170232,326487501.8700,3,1.147900,1,-0.889900,0
2021-12-20,sh.688567,35.9600,35.9600,34.0500,34.9000,35.6400,10173546,356252523.5400,3,1.273500,1,-2.076300,0
2021-12-21,sh.688567,34.6000,35.2200,33.9800,34.6800,34.9000,7899038,272884747.8300,3,0.988800,1,-0.630400,0
2021-12-22,sh.688567,34.8500,36.2300,34.6500,35.4500,34.6800,8685781,309117187.1200,3,1.087300,1,2.220300,0
2021-12-23,sh.688567,35.4400,35.8700,34.9500,35.0900,35.4500,5758465,203129400.3400,3,0.720800,1,-1.015500,0
2021-12-24,sh.688567,35.2000,35.2000,33.0300,33.2800,35.0900,9346710,315861384.3200,3,1.170000,1,-5.158200,0
2021-12-27,sh.688567,33.0000,33.6300,32.3000,32.6300,33.2800,7539251,248865328.7000,3,0.943800,1,-1.953100,0
2021-12-28,sh.688567,32.8700,34.2400,32.7800,34.0000,32.6300,6381701,213981747.9600,3,0.798900,1,4.198600,0
2021-12-29,sh.688567,34.0000,34.5400,33.8500,33.9700,34.0000,4732486,161829792.4200,3,0.592400,1,-0.088200,0
2021-12-30,sh.688567,34.1600,34.3600,33.6100,33.9000,33.9700,5393267,183443984.1100,3,0.675100,1,-0.206100,0
2021-12-31,sh.688567,33.7600,34.3500,33.4100,33.6500,33.9000,4405837,149075433.2300,3,0.551500,1,-0.737500,0
2022-01-04,sh.688567,33.8200,34.3200,32.9100,33.2900,33.6500,5566969,186406023.6000,3,0.696900,1,-1.069800,0
2022-01-05,sh.688567,33.4500,34.0300,32.7500,33.0000,33.2900,5630983,187256217.0200,3,0.704900,1,-0.871100,0
2022-01-06,sh.688567,32.8900,33.2300,32.2800,33.0100,33.0000,6241970,204863792.4800,3,0.781400,1,0.030300,0
2022-01-07,sh.688567,33.2000,33.6600,30.7900,31.7700,33.0100,9214967,296430994.9100,3,1.153500,1,-3.756400,0
2022-01-10,sh.688567,31.7800,31.9500,31.0000,31.4200,31.7700,4375736,136899051.5900,3,0.547800,1,-1.101700,0
2022-01-11,sh.688567,31.5400,31.6900,29.8900,30.0400,31.4200,10806281,328817255.5200,3,1.352700,1,-4.392100,0
2022-01-12,sh.688567,30.3400,31.4700,30.1800,31.3600,30.0400,7831715,242484371.6700,3,0.980400,1,4.394100,0
2022-01-13,sh.688567,31.4000,31.6300,30.5000,30.7500,31.3600,5997145,185768576.6600,3,0.750700,1,-1.945200,0
2022-01-14,sh.688567,30.4800,31.9000,30.4800,31.2000,30.7500,4741491,148694332.0600,3,0.593500,1,1.463400,0
2022-01-17,sh.688567,31.2000,31.4500,30.7800,31.1000,31.2000,4907577,152308496.4900,3,0.614300,1,-0.320500,0
2022-01-18,sh.688567,31.3700,31.3700,30.5000,30.8000,31.1000,4153208,128258485.3800,3,0.519900,1,-0.964600,0
2022-01-19,sh.688567,30.8900,30.8900,29.3000,29.6000,30.8000,7725723,230778998.9800,3,0.967100,1,-3.896100,0
2022-01-20,sh.688567,29.8000,29.8400,28.8000,28.8500,29.6000,4746603,138716156.7800,3,0.594200,1,-2.533800,0
2022-01-21,sh.688567,28.8800,29.4700,28.4600,28.7900,28.8500,4175222,120735387.1200,3,0.522700,1,-0.208000,0
2022-01-24,sh.688567,28.6600,29.3400,28.4800,28.7800,28.7900,3817907,110139992.8800,3,0.477900,1,-0.034700,0
2022-01-25,sh.688567,28.8200,29.4100,27.9700,28.0900,28.7800,5151527,147343971.8200,3,0.644900,1,-2.397500,0
2022-01-26,sh.688567,28.1900,28.5200,27.4000,28.5000,28.0900,7153301,199434873.9800,3,0.895500,1,1.459600,0
2022-01-27,sh.688567,28.7200,29.7700,28.5200,28.8800,28.5000,8340663,242455391.0100,3,1.044100,1,1.333300,0
2022-01-28,sh.688567,29.2000,29.5600,28.0000,28.0300,28.8800,5837517,168411555.1500,3,0.730700,1,-2.943200,0
2022-02-07,sh.688567,28.1000,30.2700,28.1000,29.1400,28.0300,8381042,246121687.3100,3,1.049100,1,3.960000,0
2022-02-08,sh.688567,29.3400,31.1400,28.5500,30.8500,29.1400,11676654,350306064.3800,3,1.461700,1,5.868200,0
2022-02-09,sh.688567,30.6600,31.1500,30.3000,30.8100,30.8500,6748610,207081371.7400,3,0.844800,1,-0.129700,0
2022-02-10,sh.688567,30.9700,32.4500,30.8200,31.8000,30.8100,10700865,340487683.7700,3,1.339500,1,3.213200,0
2022-02-11,sh.688567,31.8400,32.0000,31.1300,31.6600,31.8000,6007224,189385756.9900,3,0.752000,1,-0.440300,0
2022-02-14,sh.688567,31.6800,32.5700,31.0000,32.3400,31.6600,6241149,200426674.7900,3,0.781300,1,2.147800,0
2022-02-15,sh.688567,32.5200,32.5500,31.3800,32.1000,32.3400,4923784,157335445.8000,3,0.616400,1,-0.742100,0
2022-02-16,sh.688567,32.3000,32.3600,31.5500,31.8400,32.1000,4191903,133302203.7500,3,0.524700,1,-0.810000,0
2022-02-17,sh.688567,31.2000,32.4900,31.0300,31.7000,31.8400,5825727,185797511.4900,3,0.729300,1,-0.439700,0
2022-02-18,sh.688567,31.4000,31.6700,30.7000,30.9000,31.7000,5305713,164755744.3200,3,0.664200,1,-2.523700,0
2022-02-21,sh.688567,30.7700,31.3100,30.1800,30.3000,30.9000,5649927,172621917.2900,3,0.707300,1,-1.941700,0
2022-02-22,sh.688567,30.0400,30.3300,29.0000,29.5000,30.3000,7453933,220189566.4100,3,0.933100,1,-2.640300,0
2022-02-23,sh.688567,29.7500,31.4600,29.7400,31.0300,29.5000,8426557,260564208.6600,3,1.054800,1,5.186400,0
2022-02-24,sh.688567,30.5600,31.1600,29.1900,29.7900,31.0300,8099864,243810996.8300,3,1.013900,1,-3.996100,0
2022-02-25,sh.688567,30.3000,31.2000,29.9300,30.6000,29.7900,5918731,180911575.0400,3,0.740900,1,2.719000,0
2022-02-28,sh.688567,30.3500,31.2000,30.0000,30.0500,30.6000,4858250,148033668.0000,3,0.608200,1,-1.797400,0
2022-03-01,sh.688567,30.4900,30.7500,29.5500,29.8600,30.0500,4597214,137493924.0000,3,0.575500,1,-0.632300,0
2022-03-02,sh.688567,29.7900,29.8900,29.1000,29.4200,29.8600,3729825,109505612.0000,3,0.466900,1,-1.473500,0
2022-03-03,sh.688567,29.4600,29.7400,29.0000,29.0600,29.4200,4883788,142816734.0000,3,0.611400,1,-1.223700,0
2022-03-04,sh.688567,29.0000,29.1600,28.2800,28.5900,29.0600,4801820,137791640.0000,3,0.601100,1,-1.617300,0
2022-03-07,sh.688567,28.6400,28.6400,26.8900,27.1000,28.5900,6165498,169965695.0000,3,0.771800,1,-5.211600,0
2022-03-08,sh.688567,27.0900,27.3500,25.8000,26.1000,27.1000,6713294,176767707.0000,3,0.840400,1,-3.690000,0
2022-03-09,sh.688567,26.2400,26.3600,24.3300,25.8000,26.1000,7286503,184883808.0000,3,0.912100,1,-1.149400,0
2022-03-10,sh.688567,26.7000,27.2800,26.3100,26.7000,25.8000,6413418,172050707.0000,3,0.802800,1,3.488400,0
2022-03-11,sh.688567,26.3600,26.6500,25.7300,26.6300,26.7000,4028467,105708210.0000,3,0.504300,1,-0.262200,0
2022-03-14,sh.688567,26.4900,26.5300,25.3300,25.3700,26.6300,4441686,114617147.0000,3,0.556000,1,-4.731500,0
2022-03-15,sh.688567,25.5100,25.5100,24.0100,24.0100,25.3700,5974376,148524413.0000,3,0.747900,1,-5.360700,0
2022-03-16,sh.688567,24.7100,26.0800,23.9500,25.9100,24.0100,8326843,207619829.0000,3,1.042400,1,7.913400,0
2022-03-17,sh.688567,26.3000,26.8800,26.0500,26.0500,25.9100,6165910,163010024.0000,3,0.771800,1,0.540300,0
2022-03-18,sh.688567,25.9100,26.4300,25.6000,26.3300,26.0500,5121424,132980810.4000,3,0.641100,1,1.074900,0
2022-03-21,sh.688567,26.7500,27.4800,26.1000,26.3600,26.3300,6243429,167607761.7200,3,0.781600,1,0.113900,0
2022-03-22,sh.688567,26.2200,26.4700,25.8800,26.1200,26.3600,4007732,104839164.2400,3,0.501700,1,-0.910500,0
2022-03-23,sh.688567,26.1900,26.3100,25.5900,25.9200,26.1200,3767736,98051201.3700,3,0.471600,1,-0.765700,0
2022-03-24,sh.688567,25.7600,25.7600,24.9800,25.4300,25.9200,3614280,91269856.2800,3,0.452400,1,-1.890400,0
2022-03-25,sh.688567,25.2500,25.4300,24.6300,24.7000,25.4300,4510024,112382982.9400,3,0.564600,1,-2.870600,0
2022-03-28,sh.688567,24.8600,24.9000,23.8000,24.0000,24.7000,4493232,108317026.7400,3,0.562500,1,-2.834000,0
2022-03-29,sh.688567,24.2200,24.3900,23.7000,23.9500,24.0000,3346626,80396417.2300,3,0.418900,1,-0.208300,0
2022-03-30,sh.688567,23.9500,24.8700,23.9300,24.8100,23.9500,4667316,114703859.0100,3,0.584300,1,3.590800,0
2022-03-31,sh.688567,24.7900,24.8900,23.8000,24.0500,24.8100,3998211,96909078.0300,3,0.500500,1,-3.063300,0
2022-04-01,sh.688567,23.9600,24.1800,23.2500,24.1600,24.0500,3954646,94561841.0200,3,0.495000,1,0.457400,0
2022-04-06,sh.688567,24.0500,24.1800,23.4600,23.8100,24.1600,3786238,89816967.3900,3,0.474000,1,-1.448700,0
2022-04-07,sh.688567,23.4800,24.1500,23.4200,23.8000,23.8100,4971726,118106387.4500,3,0.622400,1,-0.042000,0
2022-04-08,sh.688567,23.8000,23.8600,22.7900,23.2900,23.8000,5309412,123976263.6700,3,0.664600,1,-2.142900,0
2022-04-11,sh.688567,23.2000,23.2000,21.1300,21.3600,23.2900,7466022,163013128.7900,3,0.934600,1,-8.286800,0
2022-04-12,sh.688567,21.6200,21.8400,20.8900,21.7700,21.3600,6810575,145166788.5100,3,0.852500,1,1.919500,0
2022-04-13,sh.688567,21.5600,22.1100,21.2300,21.6200,21.7700,4087855,88656546.2800,3,0.511700,1,-0.689000,0
2022-04-14,sh.688567,21.8500,22.2200,21.3600,21.5300,21.6200,3567947,77677367.4400,3,0.446600,1,-0.416300,0
2022-04-15,sh.688567,21.4800,21.4800,20.8700,21.2800,21.5300,4086759,86262118.4900,3,0.511600,1,-1.161200,0
2022-04-18,sh.688567,21.3200,21.9700,20.9000,21.8000,21.2800,4042775,87190326.5400,3,0.506100,1,2.443600,0
2022-04-19,sh.688567,21.8000,22.1800,21.3000,21.5400,21.8000,3427596,74299640.2100,3,0.429100,1,-1.192700,0
2022-04-20,sh.688567,21.5900,21.6000,20.8500,21.0900,21.5400,3367373,71079809.9000,3,0.421500,1,-2.089100,0
2022-04-21,sh.688567,20.9900,21.1300,19.6400,19.7000,21.0900,5402751,109381211.2800,3,0.676300,1,-6.590800,0
2022-04-22,sh.688567,19.9000,20.2700,19.6100,19.8500,19.7000,3964047,78930526.6800,3,0.496200,1,0.761400,0
2022-04-25,sh.688567,19.3800,19.6700,17.9900,18.0100,19.8500,6623557,124021151.7100,3,0.829100,1,-9.269500,0
2022-04-26,sh.688567,18.0700,18.2000,16.9300,17.2000,18.0100,6196564,109174617.3600,3,0.775700,1,-4.497500,0
2022-04-27,sh.688567,16.8900,18.2400,16.3800,18.1300,17.2000,7566136,131227720.3000,3,0.947100,1,5.407000,0
2022-04-28,sh.688567,18.0000,18.2000,17.3000,17.6800,18.1300,4649259,82233037.9800,3,0.582000,1,-2.482100,0
2022-04-29,sh.688567,18.0400,19.3100,17.5700,19.1300,17.6800,7117269,131098956.6200,3,0.890900,1,8.201400,0
2022-05-05,sh.688567,18.8900,19.1300,18.1800,18.6000,19.1300,7768799,144278315.9200,3,0.972500,1,-2.770500,0
2022-05-06,sh.688567,18.2000,18.6700,17.8700,18.3800,18.6000,4662590,85710143.5300,3,0.583700,1,-1.182800,0
2022-05-09,sh.688567,18.4600,19.2900,18.4500,18.9100,18.3800,4749586,89890751.2600,3,0.594600,1,2.883600,0
2022-05-10,sh.688567,18.6100,20.5600,18.5300,20.5500,18.9100,9640949,192106124.2900,3,1.206900,1,8.672700,0
2022-05-11,sh.688567,20.6100,21.7500,20.3100,20.8200,20.5500,10269576,216893380.3200,3,1.285500,1,1.313900,0
2022-05-12,sh.688567,20.6300,21.2800,20.3400,20.9400,20.8200,5216404,109021604.0200,3,0.653000,1,0.576400,0
2022-05-13,sh.688567,21.0000,21.8900,20.8000,21.5600,20.9400,5879070,126293545.6700,3,0.735900,1,2.960800,0
2022-05-16,sh.688567,21.8300,22.3000,21.3700,21.6700,21.5600,6011180,130626263.9400,3,0.752500,1,0.510200,0
2022-05-17,sh.688567,21.5000,22.2600,21.3700,22.0600,21.6700,5702398,125445597.9100,3,0.713800,1,1.799700,0
2022-05-18,sh.688567,22.0400,22.4400,21.8500,22.3000,22.0600,6087860,134833575.1300,3,0.762100,1,1.087900,0
2022-05-19,sh.688567,21.9100,22.3600,21.5900,22.2200,22.3000,5611871,123803307.8000,3,0.702500,1,-0.358700,0
2022-05-20,sh.688567,22.2500,22.9400,22.0600,22.7100,22.2200,6100948,137425113.6500,3,0.763700,1,2.205200,0
2022-05-23,sh.688567,22.4800,22.7500,21.9000,22.4600,22.7100,6877600,153204471.7600,3,0.860900,1,-1.100800,0
2022-05-24,sh.688567,22.5000,22.5700,21.1800,21.2200,22.4600,7205519,157228856.4400,3,0.902000,1,-5.520900,0
2022-05-25,sh.688567,21.2800,21.5700,20.9700,21.2700,21.2200,4990919,106020773.3700,3,0.624800,1,0.235600,0
2022-05-26,sh.688567,21.4100,21.6500,20.8100,21.3100,21.2700,4704744,100164685.0300,3,0.588900,1,0.188100,0
2022-05-27,sh.688567,21.5500,22.8800,21.5500,22.3500,21.3100,10278431,230485904.6000,3,1.286700,1,4.880300,0
2022-05-30,sh.688567,22.3900,22.5000,21.8900,21.9700,22.3500,6740492,149037458.6300,3,0.843800,1,-1.700200,0
2022-05-31,sh.688567,21.9900,22.6600,21.8800,22.5000,21.9700,5869146,130664632.2000,3,0.734700,1,2.412400,0
2022-06-01,sh.688567,22.5900,23.8900,22.2700,23.6400,22.5000,8227192,192037996.0000,3,1.029900,1,5.066700,0
2022-06-02,sh.688567,23.5000,24.5800,23.2700,24.3800,23.6400,7331982,177629430.2800,3,0.917800,1,3.130300,0
2022-06-06,sh.688567,24.0600,25.8100,24.0300,25.3600,24.3800,9304666,235271790.4000,3,1.164800,1,4.019700,0
2022-06-07,sh.688567,25.4000,25.4000,24.3400,24.5400,25.3600,6768387,167055300.4300,3,0.847300,1,-3.233400,0
2022-06-08,sh.688567,24.4500,25.4500,24.4500,25.3500,24.5400,8146991,203882460.7200,3,1.019800,1,3.300700,0
2022-06-09,sh.688567,25.2900,25.8800,24.6600,24.9700,25.3500,5475539,138091877.8300,3,0.685400,1,-1.499000,0
2022-06-10,sh.688567,24.7200,25.8000,24.5300,25.2000,24.9700,5590552,140319735.8800,3,0.699800,1,0.921100,0
2022-06-13,sh.688567,24.8300,25.7000,24.7000,25.3700,25.2000,5580608,141035708.3300,3,0.698600,1,0.674600,0
2022-06-14,sh.688567,25.1000,25.1000,23.9000,24.9700,25.3700,8920362,217849114.4000,3,1.116700,1,-1.576700,0
2022-06-15,sh.688567,24.8900,25.5900,24.5100,24.6300,24.9700,6790588,169405163.6500,3,0.850000,1,-1.361600,0
2022-06-16,sh.688567,24.6300,26.1500,24.5100,25.5800,24.6300,10240648,263184531.3100,3,1.281900,1,3.857100,0
2022-06-17,sh.688567,25.5400,26.8000,25.2900,26.5300,25.5800,8341230,220159044.3200,3,1.044200,1,3.713800,0
2022-06-20,sh.688567,26.7500,27.3000,25.8800,26.7500,26.5300,13687678,362481091.6700,3,1.713400,1,0.829200,0
2022-06-21,sh.688567,26.8000,26.8300,25.9100,26.2200,26.7500,5487051,143963323.8200,3,0.686900,1,-1.981300,0
2022-06-22,sh.688567,26.1700,27.3000,25.8800,26.5800,26.2200,7611771,203538480.4600,3,0.952800,1,1.373000,0
2022-06-23,sh.688567,26.9000,29.3600,26.9000,28.7900,26.5800,16696771,475567778.5800,3,2.090100,1,8.314500,0
2022-06-24,sh.688567,29.1200,29.7900,28.4300,29.4500,28.7900,11767182,343209664.9600,3,1.473000,1,2.292500,0
2022-06-27,sh.688567,30.1100,31.6100,29.7000,30.3500,29.4500,14797957,451660544.1500,3,1.852400,1,3.056000,0
2022-06-28,sh.688567,30.3500,30.8800,29.8700,30.1800,30.3500,7791187,236096286.5100,3,0.975300,1,-0.560100,0
2022-06-29,sh.688567,30.1800,30.1800,27.7900,27.9600,30.1800,14633441,420451077.2300,3,1.831800,1,-7.355900,0
2022-06-30,sh.688567,28.2000,29.1600,27.9800,28.4100,27.9600,9655526,275997753.3400,3,1.208700,1,1.609400,0
2022-07-01,sh.688567,28.4500,29.1200,27.7100,28.5900,28.4100,8761095,248932908.1100,3,1.096700,1,0.633600,0
2022-07-04,sh.688567,28.4900,28.6900,27.7100,28.5000,28.5900,5875504,166240740.7400,3,0.735500,1,-0.314800,0
2022-07-05,sh.688567,28.6000,29.1700,27.2000,27.5600,28.5000,9759624,271656921.6700,3,1.221700,1,-3.298200,0
2022-07-06,sh.688567,27.5400,28.3000,27.2200,27.5400,27.5600,7267318,201921568.2900,3,0.909700,1,-0.072600,0
2022-07-07,sh.688567,27.3000,29.1900,27.2600,28.9600,27.5400,10975684,313703063.7800,3,1.373900,1,5.156100,0
2022-07-08,sh.688567,29.0100,29.6100,27.6500,27.8500,28.9600,8044853,228319286.4300,3,1.007100,1,-3.832900,0
2022-07-11,sh.688567,27.7000,27.7000,26.6000,27.4000,27.8500,6864716,186225885.2500,3,0.859300,1,-1.615800,0
2022-07-12,sh.688567,27.1300,27.9600,26.6700,27.0000,27.4000,5218890,141950795.6400,3,0.653300,1,-1.459900,0
2022-07-13,sh.688567,27.0200,28.0800,26.3300,27.6500,27.0000,7164156,195097691.1400,3,0.896800,1,2.407400,0
2022-07-14,sh.688567,27.6400,28.9900,27.3000,28.7100,27.6500,9846504,280861907.4400,3,1.232600,1,3.833600,0
2022-07-15,sh.688567,28.8600,28.9100,28.3000,28.3700,28.7100,7070782,202027808.6800,3,0.885100,1,-1.184300,0
2022-07-18,sh.688567,28.5500,29.3100,28.2000,28.5000,28.3700,5783526,165550194.9300,3,0.718300,1,0.458200,0
2022-07-19,sh.688567,28.5200,28.6800,27.7200,27.8500,28.5000,5624583,158251560.4000,3,0.698600,1,-2.280700,0
2022-07-20,sh.688567,27.9000,28.7600,27.8000,28.3100,27.8500,4524239,127939134.1600,3,0.561900,1,1.651700,0
2022-07-21,sh.688567,28.9400,30.6600,28.3300,30.2400,28.3100,15079381,451680911.3000,3,1.872900,1,6.817400,0
2022-07-22,sh.688567,30.2400,33.9800,30.0800,33.2000,30.2400,31682196,1021839453.0300,3,3.935000,1,9.788400,0
2022-07-25,sh.688567,32.3400,32.7800,31.5000,32.1600,33.2000,16857352,541882136.2700,3,2.093700,1,-3.132500,0
2022-07-26,sh.688567,32.3100,33.7900,31.7000,33.4500,32.1600,13340697,438187195.3200,3,1.656900,1,4.011200,0
2022-07-27,sh.688567,33.4600,35.3100,33.1200,34.6600,33.4500,17229494,593687812.0000,3,2.139900,1,3.617300,0
2022-07-28,sh.688567,34.8800,35.2300,34.1500,34.1900,34.6600,11053419,382673778.6800,3,1.372900,1,-1.356000,0
2022-07-29,sh.688567,34.4000,34.8600,33.7000,33.8500,34.1900,8515055,290468673.8800,3,1.057600,1,-0.994400,0
2022-08-01,sh.688567,33.4000,35.2000,31.9700,35.1600,33.8500,18699193,633912403.9000,3,2.322500,1,3.870000,0
2022-08-02,sh.688567,35.0800,36.1600,33.9400,35.9000,35.1600,20489223,723513933.8600,3,2.544800,1,2.104700,0
2022-08-03,sh.688567,35.4800,37.9700,35.4000,35.9000,35.9000,18340108,671959126.0600,3,2.277900,1,0.000000,0
2022-08-04,sh.688567,35.9000,36.4600,34.4500,35.2500,35.9000,11137145,392505255.0000,3,1.383300,1,-1.810600,0
2022-08-05,sh.688567,35.3400,36.4900,34.9300,36.3000,35.2500,8359182,299175383.0000,3,1.038200,1,2.978700,0
2022-08-08,sh.688567,36.3000,37.1700,35.3600,36.1900,36.3000,6529545,238134728.0000,3,0.811000,1,-0.303000,0
2022-08-09,sh.688567,36.0100,38.3900,35.9800,37.7900,36.1900,13600584,512299193.0000,3,1.689200,1,4.421100,0
2022-08-10,sh.688567,37.8600,38.2000,34.3600,34.7000,37.7900,18910867,682053629.0000,3,2.348800,1,-8.176800,0
2022-08-11,sh.688567,34.9100,35.0000,32.8000,33.4500,34.7000,19601049,656838708.0000,3,2.434500,1,-3.602300,0
2022-08-12,sh.688567,33.5500,33.5500,31.8900,31.9800,33.4500,13339807,434573538.0000,3,1.656800,1,-4.394600,0
2022-08-15,sh.688567,35.2000,37.3700,34.2800,35.2000,31.9800,38023746,1361796777.8700,3,4.722600,1,10.068800,0
